source_id,paper_title,object_type,object_name,short_claim_summary,AASC_family,AASC_subfamily,kernel_role,interface_role,closure_role,impossibility_role,licenses,forbids,version_preference_status
ERK20260527-New_erk_files_May_35B594-DEF-002,"Non-Degenerate Construction and the Kernel of Admissibility An Exhaustion Theorem for Standing, Reference, and Irreversibility",Definition,Kernel-neutral target adequacy,"A raw-sequence regime is target-adequate for the present inquiry iff some of its raw sequences are assessable under the following four requirements, stated without yet using the kernel as a definition of construction: (A1) Target determinacy: the sequence has a repeatable object of evaluation rather than merely a presentation-dependent trace. (A2) Step...",Kernel / admissibility-standing-reference-irreversibility,"kernel primitives, standing, reference, admissibility, irreversibility","Directly constrains admissibility, standing, reference fixation, confirmation, identity preservation, non-degeneracy, or irreversibility.","Controls AASC interface formation, metric/nonmetric status, admissible interior, quotient/projection, or bookkeeping interpretation.","Provides closure, exhaustion, minimality, uniqueness, rigidity, maximality, forcing, or certificate support.",,kernel-consistent AASC deployment; interface-safe reconstruction; closure-controlled downstream use; gated admissibility evaluation; typed AASC construction under fixed scope,ungated scope transport or modality laundering,Preferred hardened version
ERK20260527-New_erk_files_May_35B594-LEM-001,"Non-Degenerate Construction and the Kernel of Admissibility An Exhaustion Theorem for Standing, Reference, and Irreversibility",Lemma,Target adequacy forces the kernel roles,"Any target-adequate raw-sequence regime already requires the governance roles later named reference, standing, irreversibility, and admissibility.",Kernel / admissibility-standing-reference-irreversibility,"kernel primitives, standing, reference, admissibility, irreversibility","Directly constrains admissibility, standing, reference fixation, confirmation, identity preservation, non-degeneracy, or irreversibility.","Controls AASC interface formation, metric/nonmetric status, admissible interior, quotient/projection, or bookkeeping interpretation.","Provides closure, exhaustion, minimality, uniqueness, rigidity, maximality, forcing, or certificate support.",,kernel-consistent AASC deployment; interface-safe reconstruction; closure-controlled downstream use; typed AASC construction under fixed scope,"Do not use outside fixed scope, as a free generator, or as an unlicensed cross-arc transport.",Preferred hardened version
ERK20260527-New_erk_files_May_FBEDF2-THM-030,Admissible Construction and the Non-Instantiability of Gödel Architectures,Theorem,Non-degenerate construction forces the kernel,"If a meaningful regime admits construction-governed non-degenerate construction under admissibility-invariant use, then admissibility, standing, reference, and irreversibility are already in force in that regime.",Kernel / admissibility-standing-reference-irreversibility,"kernel primitives, standing, reference, admissibility, irreversibility","Directly constrains admissibility, standing, reference fixation, confirmation, identity preservation, non-degeneracy, or irreversibility.","Controls AASC interface formation, metric/nonmetric status, admissible interior, quotient/projection, or bookkeeping interpretation.","Provides closure, exhaustion, minimality, uniqueness, rigidity, maximality, forcing, or certificate support.","Blocks illicit primitive, repair, surrogate, overreach, compatibility, or standing-laundering moves.",kernel-consistent AASC deployment; interface-safe reconstruction; closure-controlled downstream use; typed AASC construction under fixed scope,"primitive reification, compatibility-only promotion, or post-hoc repair",Preferred hardened version
ERK20260527-New_erk_files_May_C3E3B7-DEF-017,A Classification Theorem for Admissible Standard-Model Structures Uniqueness Under Standing-Preserving and Transport Constraints,Definition,AMetric Boundary for admissible bookkeeping,"The AMetric Boundary is the interface between pre-admissible construction activity and admissible standing-bearing construction. Before the boundary is crossed, there is no licensed metric, ordering, typicality measure, comparison class, selector, or identity carrier with standing authority. Crossing the boundary requires a standing quotient, invariant...",AMetric / interface / interior layer,"AMetric Boundary, bivalence, admissible interior, regime-invariant interface control","Directly constrains admissibility, standing, reference fixation, confirmation, identity preservation, non-degeneracy, or irreversibility.","Controls AASC interface formation, metric/nonmetric status, admissible interior, quotient/projection, or bookkeeping interpretation.","Provides closure, exhaustion, minimality, uniqueness, rigidity, maximality, forcing, or certificate support.",,kernel-consistent AASC deployment; interface-safe reconstruction; closure-controlled downstream use; gated admissibility evaluation; typed AASC construction under fixed scope,"ungated scope transport or modality laundering; unlicensed numerical fit, parameter import, or empirical value laundering",Preferred hardened version
ERK20260527-New_erk_files_May_35B594-THM-020,"Non-Degenerate Construction and the Kernel of Admissibility An Exhaustion Theorem for Standing, Reference, and Irreversibility",Theorem,Standing equals reuse-stable admissibility,"Let StandD be any predicate claimed to mark those evaluated acts on a fixed domain D that are eligible for standing-bearing continuation, commitment, or licensed reuse. Then for every act a ∈ D,",Kernel / admissibility-standing-reference-irreversibility,"kernel primitives, standing, reference, admissibility, irreversibility","Directly constrains admissibility, standing, reference fixation, confirmation, identity preservation, non-degeneracy, or irreversibility.",,"Provides closure, exhaustion, minimality, uniqueness, rigidity, maximality, forcing, or certificate support.",,kernel-consistent AASC deployment; closure-controlled downstream use; typed AASC construction under fixed scope,"Do not use outside fixed scope, as a free generator, or as an unlicensed cross-arc transport.",Preferred hardened version
ERK20260527-New_erk_files_May_FBEDF2-REM-002,Admissible Construction and the Non-Instantiability of Gödel Architectures,Remark,Why this is not mere syntax compression,"Theorem 4.1 is not the claim that syntax is impossible or uninteresting. It is the claim that, inside the fixed domain, syntactic or coding distinctions matter to closure only by functioning as hidden gate work, extensional gate renaming, or inert bookkeeping. A purely formal difference with no governance-relevant re-entry is therefore not a same-domain...",Closure / impossibility / exhaustion layer,"closure, exhaustion, impossibility, no-repair, no-generator, no-carrier control",,"Controls AASC interface formation, metric/nonmetric status, admissible interior, quotient/projection, or bookkeeping interpretation.","Provides closure, exhaustion, minimality, uniqueness, rigidity, maximality, forcing, or certificate support.","Blocks illicit primitive, repair, surrogate, overreach, compatibility, or standing-laundering moves.",interface-safe reconstruction; closure-controlled downstream use; gated admissibility evaluation; typed AASC construction under fixed scope,"ungated scope transport or modality laundering; primitive reification, compatibility-only promotion, or post-hoc repair",Preferred hardened version
ERK20260527-New_erk_files_May_AF0C6B-CRT-001,Claim Standing and Legitimacy A Universal Audit Protocol for Laundering Exclusion and Reportable Output,Criterion,Carrier Adequacy Test,"A carrier CarrierD (c) is standing-bearing for claim c at status class σ only if it satisfies all six tests below. 1. Target alignment. The carrier supports the same target asserted by c, not a proxy target or nearby conclusion. 2. Role adequacy. The carrier is the right kind of support for σ: proof for proof-status, measurement ledger for...",AI / epistemic-agent / governance layer,"AI claim standing, success-vs-truth, validator, agent instantiation, liability","Directly constrains admissibility, standing, reference fixation, confirmation, identity preservation, non-degeneracy, or irreversibility.",,"Provides closure, exhaustion, minimality, uniqueness, rigidity, maximality, forcing, or certificate support.",,kernel-consistent AASC deployment; closure-controlled downstream use; gated admissibility evaluation; typed AASC construction under fixed scope,"ungated scope transport or modality laundering; unlicensed numerical fit, parameter import, or empirical value laundering",Preferred hardened version
ERK20260527-New_erk_files_May_AF0C6B-DEF-003,Claim Standing and Legitimacy A Universal Audit Protocol for Laundering Exclusion and Reportable Output,Definition,Target role,"The target role of a claim is TargetD (c),",AI / epistemic-agent / governance layer,"AI claim standing, success-vs-truth, validator, agent instantiation, liability","Directly constrains admissibility, standing, reference fixation, confirmation, identity preservation, non-degeneracy, or irreversibility.",,,,kernel-consistent AASC deployment; gated admissibility evaluation,ungated scope transport or modality laundering,Preferred hardened version
ERK20260527-New_erk_files_May_C3E3B7-DEF-003,A Classification Theorem for Admissible Standard-Model Structures Uniqueness Under Standing-Preserving and Transport Constraints,Definition,Admissible bookkeeping structure,A pre-admissible structure B is admissible when it satisfies the locked AASC obligations relevant to this target: stable identity fixation on P/∼; output agreement under admitted tests; transport completeness for every licensed map in T ; preservation under admissible continuations in H; non-degeneracy of standing witnesses; no post-hoc repair of committed...,Numerical forcing / exactness layer,"numerical forcing, exactness, rigidity, mass-ratio, constant-readout, anchor-control layer","Directly constrains admissibility, standing, reference fixation, confirmation, identity preservation, non-degeneracy, or irreversibility.","Controls AASC interface formation, metric/nonmetric status, admissible interior, quotient/projection, or bookkeeping interpretation.","Provides closure, exhaustion, minimality, uniqueness, rigidity, maximality, forcing, or certificate support.","Blocks illicit primitive, repair, surrogate, overreach, compatibility, or standing-laundering moves.",kernel-consistent AASC deployment; interface-safe reconstruction; closure-controlled downstream use; gated admissibility evaluation,"ungated scope transport or modality laundering; primitive reification, compatibility-only promotion, or post-hoc repair; unlicensed numerical fit, parameter import, or empirical value laundering",Preferred hardened version
ERK20260527-New_erk_files_May_2490B6-COR-003,"Admissibility and the Common Structural Origin of Gauge, Constraint, and Quantum Structure",Corollary,No residual same-scope refinement beneath tensor content,"If an auxiliary refinement leaves anchor data fixed and changes neither quotient physical content nor characteristic/redescription structure, it is skin. Any purported load-bearing use of such a refinement is bookkeeping or a disguised attempt to introduce a second same-scope classifier.",Constraint envelope / redescription layer,"constraint envelopes, scope, redescription, envelope non-contact, transport control","Directly constrains admissibility, standing, reference fixation, confirmation, identity preservation, non-degeneracy, or irreversibility.","Controls AASC interface formation, metric/nonmetric status, admissible interior, quotient/projection, or bookkeeping interpretation.",,,kernel-consistent AASC deployment; interface-safe reconstruction; gated admissibility evaluation; typed AASC construction under fixed scope,"ungated scope transport or modality laundering; unlicensed numerical fit, parameter import, or empirical value laundering",Preferred hardened version
ERK20260527-New_erk_files_May_DCCC53-REM-001,Role-Occupancy Closure under Admissibility Why role-cardinality matching is only the cardinality shadow of compatible realization,Remark,The answer is not chosen,"The answer is not chosen from a candidate list. The answer is the unique certificate-compatible occupation of the forced target role set by the live target-relative residue. If the target needs one occupant and two eligible rivals survive, the result is underdetermined. If the target needs two complementary occupants and there is a unique jointly compatible...",Numerical forcing / exactness layer,"numerical forcing, exactness, rigidity, mass-ratio, constant-readout, anchor-control layer","Directly constrains admissibility, standing, reference fixation, confirmation, identity preservation, non-degeneracy, or irreversibility.",,"Provides closure, exhaustion, minimality, uniqueness, rigidity, maximality, forcing, or certificate support.",,kernel-consistent AASC deployment; closure-controlled downstream use,"unlicensed numerical fit, parameter import, or empirical value laundering",Preferred hardened version
ERK20260527-New_erk_files_May_8962DE-DEF-001,"Admissible Record Construction in Physically Non-Selective Quantum Regimes Fixed-Domain Quotients, Boundary-Trace Fixation, and Constructional Determinacy Overview. This manuscript treats the measurement problem as a fixed-domain",Definition,Fixed downstream substrate,"A fixed downstream substrate for the present manuscript is a same-scope, admissibility-governed regime in which the following are already in force. 1. Admissibility is a forced governance boundary for the target class of non-degenerate, constructed object-bearing systems.",Kernel / admissibility-standing-reference-irreversibility,"kernel primitives, standing, reference, admissibility, irreversibility","Directly constrains admissibility, standing, reference fixation, confirmation, identity preservation, non-degeneracy, or irreversibility.","Controls AASC interface formation, metric/nonmetric status, admissible interior, quotient/projection, or bookkeeping interpretation.","Provides closure, exhaustion, minimality, uniqueness, rigidity, maximality, forcing, or certificate support.",,kernel-consistent AASC deployment; interface-safe reconstruction; closure-controlled downstream use; gated admissibility evaluation; typed AASC construction under fixed scope,"ungated scope transport or modality laundering; unlicensed numerical fit, parameter import, or empirical value laundering",Preferred hardened version
ERK20260527-New_erk_files_May_311F0C-THM-009,Boundary-Trace Fixation of Continuation Loci under AASC A Role-Anchor Theorem for Fixed-Domain Persistence,Theorem,No post-selection repair,"A boundary trace introduced, changed, or reinterpreted after role-anchor failure cannot repair standing for the same evaluated act:",Closure / impossibility / exhaustion layer,"closure, exhaustion, impossibility, no-repair, no-generator, no-carrier control","Directly constrains admissibility, standing, reference fixation, confirmation, identity preservation, non-degeneracy, or irreversibility.",,,"Blocks illicit primitive, repair, surrogate, overreach, compatibility, or standing-laundering moves.",kernel-consistent AASC deployment; gated admissibility evaluation,"ungated scope transport or modality laundering; primitive reification, compatibility-only promotion, or post-hoc repair; unlicensed numerical fit, parameter import, or empirical value laundering",Preferred hardened version
ERK20260527-New_erk_files_May_FBEDF2-THM-049,Admissible Construction and the Non-Instantiability of Gödel Architectures,Theorem,No generators,There is no internal operation T and no act a ∈ XD • with standing-failure such that T (a) is standing-positive as a consequence of a alone and without fresh evaluation on D.,Numerical forcing / exactness layer,"numerical forcing, exactness, rigidity, mass-ratio, constant-readout, anchor-control layer","Directly constrains admissibility, standing, reference fixation, confirmation, identity preservation, non-degeneracy, or irreversibility.",,,"Blocks illicit primitive, repair, surrogate, overreach, compatibility, or standing-laundering moves.",kernel-consistent AASC deployment; typed AASC construction under fixed scope,"primitive reification, compatibility-only promotion, or post-hoc repair; unlicensed numerical fit, parameter import, or empirical value laundering",Preferred hardened version
ERK20260527-New_erk_files_May_41605D-THM-029,The AMetric Boundary as a Unique Regime-Invariant Constraint on Admissibility-Bearing Construction,Theorem,Admissibility constraint on No carriers (numeric or structural,). Assume MIAX and Theorem 5.26. No carrier attempt QD can serve as a primitive authorizer of standing except by coinciding extensionally with the unique gate predicate guaranteed by Theorem 6.12. Any admissible use of QD must be downstream bookkeeping inside an already gated envelope and has no authority over eligibility. Construction witness. Let QD be a...,AMetric / interface / interior layer,"AMetric Boundary, bivalence, admissible interior, regime-invariant interface control","Directly constrains admissibility, standing, reference fixation, confirmation, identity preservation, non-degeneracy, or irreversibility.","Controls AASC interface formation, metric/nonmetric status, admissible interior, quotient/projection, or bookkeeping interpretation.","Provides closure, exhaustion, minimality, uniqueness, rigidity, maximality, forcing, or certificate support.","Blocks illicit primitive, repair, surrogate, overreach, compatibility, or standing-laundering moves.",kernel-consistent AASC deployment; interface-safe reconstruction; closure-controlled downstream use; gated admissibility evaluation; typed AASC construction under fixed scope,"ungated scope transport or modality laundering; primitive reification, compatibility-only promotion, or post-hoc repair; unlicensed numerical fit, parameter import, or empirical value laundering",Preferred hardened version
ERK20260527-New_erk_files_May_FBEDF2-REM-005,Admissible Construction and the Non-Instantiability of Gödel Architectures,Remark,Seminar and blackboard practice,"Seminar sketches, blackboard arguments, and exploratory proof attempts may fall inside the present target when they are construction-governed under admissibility-invariant use. What is excluded is not provisionality as such, but silent redescription, role-shift, and repair-by-reinterpretation.",Kernel / admissibility-standing-reference-irreversibility,"kernel primitives, standing, reference, admissibility, irreversibility","Directly constrains admissibility, standing, reference fixation, confirmation, identity preservation, non-degeneracy, or irreversibility.",,,"Blocks illicit primitive, repair, surrogate, overreach, compatibility, or standing-laundering moves.",kernel-consistent AASC deployment; gated admissibility evaluation; typed AASC construction under fixed scope,"ungated scope transport or modality laundering; primitive reification, compatibility-only promotion, or post-hoc repair",Preferred hardened version
ERK20260527-New_erk_files_May_FBEDF2-COR-001,Admissible Construction and the Non-Instantiability of Gödel Architectures,Corollary,No independent governance-relevant classifier,No construction-derived classifier survives on the fixed domain as an independent governance-relevant closure determinant.,Constraint envelope / redescription layer,"constraint envelopes, scope, redescription, envelope non-contact, transport control",,,"Provides closure, exhaustion, minimality, uniqueness, rigidity, maximality, forcing, or certificate support.","Blocks illicit primitive, repair, surrogate, overreach, compatibility, or standing-laundering moves.",closure-controlled downstream use; typed AASC construction under fixed scope,"primitive reification, compatibility-only promotion, or post-hoc repair",Preferred hardened version
ERK20260527-New_erk_files_May_FBEDF2-THM-003,Admissible Construction and the Non-Instantiability of Gödel Architectures,Theorem,Construction-derived classifier role exhaustion,Every same-domain constructionderived classifier falls into exactly one of four roles:,Closure / impossibility / exhaustion layer,"closure, exhaustion, impossibility, no-repair, no-generator, no-carrier control",,,"Provides closure, exhaustion, minimality, uniqueness, rigidity, maximality, forcing, or certificate support.","Blocks illicit primitive, repair, surrogate, overreach, compatibility, or standing-laundering moves.",closure-controlled downstream use; typed AASC construction under fixed scope,"primitive reification, compatibility-only promotion, or post-hoc repair",Preferred hardened version
ERK20260527-New_erk_files_May_C3E3B7-THM-011,A Classification Theorem for Admissible Standard-Model Structures Uniqueness Under Standing-Preserving and Transport Constraints,Theorem,AMetric Boundary forcing,"Every alleged alternative bookkeeping construction faces the following dichotomy. Either it does not cross the AMetric Boundary, in which case it is not a comparable standing-bearing occupant; or it crosses the boundary by supplying identity fixation, witness invariance, transport completeness, continuation stability, and repair exclusion, in which case it...",Numerical forcing / exactness layer,"numerical forcing, exactness, rigidity, mass-ratio, constant-readout, anchor-control layer","Directly constrains admissibility, standing, reference fixation, confirmation, identity preservation, non-degeneracy, or irreversibility.","Controls AASC interface formation, metric/nonmetric status, admissible interior, quotient/projection, or bookkeeping interpretation.","Provides closure, exhaustion, minimality, uniqueness, rigidity, maximality, forcing, or certificate support.",,kernel-consistent AASC deployment; interface-safe reconstruction; closure-controlled downstream use; gated admissibility evaluation; typed AASC construction under fixed scope,"ungated scope transport or modality laundering; unlicensed numerical fit, parameter import, or empirical value laundering",Preferred hardened version
ERK20260527-New_erk_files_May_C3E3B7-DEF-020,A Classification Theorem for Admissible Standard-Model Structures Uniqueness Under Standing-Preserving and Transport Constraints,Definition,Admissibly distinct construction trajectory,"A construction trajectory is a finite sequence of construction records, redescriptions, transports, quotient reductions, and witness extractions leading to an occupant. Two trajectories are admissibly distinct only if, after crossing the AMetric Boundary, they differ in standing quotient, invariant witness ledger, transport/history structure, role typing,...",Numerical forcing / exactness layer,"numerical forcing, exactness, rigidity, mass-ratio, constant-readout, anchor-control layer","Directly constrains admissibility, standing, reference fixation, confirmation, identity preservation, non-degeneracy, or irreversibility.","Controls AASC interface formation, metric/nonmetric status, admissible interior, quotient/projection, or bookkeeping interpretation.","Provides closure, exhaustion, minimality, uniqueness, rigidity, maximality, forcing, or certificate support.",,kernel-consistent AASC deployment; interface-safe reconstruction; closure-controlled downstream use; gated admissibility evaluation; typed AASC construction under fixed scope,"ungated scope transport or modality laundering; unlicensed numerical fit, parameter import, or empirical value laundering",Preferred hardened version
ERK20260527-New_erk_files_May_C3E3B7-THM-014,A Classification Theorem for Admissible Standard-Model Structures Uniqueness Under Standing-Preserving and Transport Constraints,Theorem,Non-rederivability of an admissibly distinct Standard-Model occupant,"There is no admissibly distinct rederivation of SMbook inside the target AASC domain. Any construction trajectory that reaches a standing-bearing particle-physics occupant either factors through the same terminal normal form SMbook , or else fails before the AMetric Boundary, violates the Impossibility Suite, changes the domain, or produces a larger-domain...",Numerical forcing / exactness layer,"numerical forcing, exactness, rigidity, mass-ratio, constant-readout, anchor-control layer","Directly constrains admissibility, standing, reference fixation, confirmation, identity preservation, non-degeneracy, or irreversibility.","Controls AASC interface formation, metric/nonmetric status, admissible interior, quotient/projection, or bookkeeping interpretation.","Provides closure, exhaustion, minimality, uniqueness, rigidity, maximality, forcing, or certificate support.","Blocks illicit primitive, repair, surrogate, overreach, compatibility, or standing-laundering moves.",kernel-consistent AASC deployment; interface-safe reconstruction; closure-controlled downstream use; gated admissibility evaluation; typed AASC construction under fixed scope,"ungated scope transport or modality laundering; primitive reification, compatibility-only promotion, or post-hoc repair; unlicensed numerical fit, parameter import, or empirical value laundering",Preferred hardened version
ERK20260527-New_erk_files_May_C3E3B7-LEM-008,A Classification Theorem for Admissible Standard-Model Structures Uniqueness Under Standing-Preserving and Transport Constraints,Lemma,Interior closure dependency,"Given the occupant/load-class forced by the locked dependencies, any purported same-load completion reduces to the existing Standard-Model bookkeeping interior or is typed as load motion, scope motion, witness motion, quotient motion, continuation motion, skin, or standing failure.",AMetric / interface / interior layer,"AMetric Boundary, bivalence, admissible interior, regime-invariant interface control","Directly constrains admissibility, standing, reference fixation, confirmation, identity preservation, non-degeneracy, or irreversibility.","Controls AASC interface formation, metric/nonmetric status, admissible interior, quotient/projection, or bookkeeping interpretation.","Provides closure, exhaustion, minimality, uniqueness, rigidity, maximality, forcing, or certificate support.",,kernel-consistent AASC deployment; interface-safe reconstruction; closure-controlled downstream use; gated admissibility evaluation,ungated scope transport or modality laundering,Preferred hardened version
ERK20260527-New_erk_files_May_2490B6-REM-001,"Admissibility and the Common Structural Origin of Gauge, Constraint, and Quantum Structure",Remark,AER-Obsmin asserts only algebraic closure of the Poisson bracket on the class of,"AER-Obsmin asserts only algebraic closure of the Poisson bracket on the class of physical observables. It does not assume a reduced symplectic form, nondegeneracy on the quotient, or an a priori Marsden-Weinstein reduction. The quotient geometry used later is derived on the regular stratum from AER-Obsmin together with AER-Sep.",AMetric / interface / interior layer,"AMetric Boundary, bivalence, admissible interior, regime-invariant interface control","Directly constrains admissibility, standing, reference fixation, confirmation, identity preservation, non-degeneracy, or irreversibility.","Controls AASC interface formation, metric/nonmetric status, admissible interior, quotient/projection, or bookkeeping interpretation.","Provides closure, exhaustion, minimality, uniqueness, rigidity, maximality, forcing, or certificate support.",,kernel-consistent AASC deployment; interface-safe reconstruction; closure-controlled downstream use; typed AASC construction under fixed scope,"Do not use outside fixed scope, as a free generator, or as an unlicensed cross-arc transport.",Preferred hardened version
ERK20260527-New_erk_files_May_2490B6-PRO-008,"Admissibility and the Common Structural Origin of Gauge, Constraint, and Quantum Structure",Proposition,Interface-necessity summary on the fixed comparison class,"On the regular stratum, AER-Obsmin supplies quotient-level Poisson closure, AER-Sep supplies quotient completeness, and AER-Max supplies quotient maximality. If any one of these fails, then the admissibilityconditioned interface used in this manuscript is not instantiated on that presentation: the observable quotient is not closed, not complete, or not...",AMetric / interface / interior layer,"AMetric Boundary, bivalence, admissible interior, regime-invariant interface control","Directly constrains admissibility, standing, reference fixation, confirmation, identity preservation, non-degeneracy, or irreversibility.","Controls AASC interface formation, metric/nonmetric status, admissible interior, quotient/projection, or bookkeeping interpretation.","Provides closure, exhaustion, minimality, uniqueness, rigidity, maximality, forcing, or certificate support.",,kernel-consistent AASC deployment; interface-safe reconstruction; closure-controlled downstream use; gated admissibility evaluation; typed AASC construction under fixed scope,ungated scope transport or modality laundering,Preferred hardened version
ERK20260527-New_erk_files_May_2490B6-DEF-011,"Admissibility and the Common Structural Origin of Gauge, Constraint, and Quantum Structure",Definition,"Anchor, tensor, and skin for the AER presentation",Within a same-scope presentation of A:,Physics structural-recovery layer,"Standard Model, gauge, charge, chiral, Yukawa, mass, mixing, phase, holonomy recovery","Directly constrains admissibility, standing, reference fixation, confirmation, identity preservation, non-degeneracy, or irreversibility.",,,,kernel-consistent AASC deployment; gated admissibility evaluation; typed AASC construction under fixed scope,"ungated scope transport or modality laundering; unlicensed numerical fit, parameter import, or empirical value laundering",Preferred hardened version
ERK20260527-New_erk_files_May_6DC183-BND-001,"Anchor, Tensor, and Skin: A Fixed-Domain Decomposition Theorem for Admissible Description",Boundary,ommitments,"3.2. Boundary Commitments 1. The AMetric Boundary is pre-admissible, non-operational, and non-transmissive. 2. No metric, probabilistic, causal, informational, or operational notions exist at the boundary. 3. Standing is binary, single-shot, and terminal; no revision or repair within a lineage.",Numerical forcing / exactness layer,"numerical forcing, exactness, rigidity, mass-ratio, constant-readout, anchor-control layer","Directly constrains admissibility, standing, reference fixation, confirmation, identity preservation, non-degeneracy, or irreversibility.","Controls AASC interface formation, metric/nonmetric status, admissible interior, quotient/projection, or bookkeeping interpretation.",,,kernel-consistent AASC deployment; interface-safe reconstruction; gated admissibility evaluation; typed AASC construction under fixed scope,"ungated scope transport or modality laundering; unlicensed numerical fit, parameter import, or empirical value laundering",Preferred hardened version
ERK20260527-New_erk_files_May_045695-BND-001,Boundary-Trace Fixation under Admissibility Forced Environmental Coupling as the Final Role-Anchor Asymmetry,Boundary,Trace Fixation under Admissibility,Boundary-Trace Fixation under Admissibility Forced Environmental Coupling as the Final Role-Anchor Asymmetry,Numerical forcing / exactness layer,"numerical forcing, exactness, rigidity, mass-ratio, constant-readout, anchor-control layer","Directly constrains admissibility, standing, reference fixation, confirmation, identity preservation, non-degeneracy, or irreversibility.",,"Provides closure, exhaustion, minimality, uniqueness, rigidity, maximality, forcing, or certificate support.",,kernel-consistent AASC deployment; closure-controlled downstream use; gated admissibility evaluation,"ungated scope transport or modality laundering; unlicensed numerical fit, parameter import, or empirical value laundering",Preferred hardened version
ERK20260527-New_erk_files_May_553AA0-DEF-010,"Closure by Exhaustion for Same-Scope Operators under Admissibility A self-contained derivation from graph rigidity, family classification, and interaction closure",Definition,AMetric boundary,"The AMetric boundary is the obstruction to adjoining evaluative operators-for example metric, measure, limit, probability, or analogous global evaluators- to a pre-admissible partial algebra in order to decide cases that are undefined on the standing-bearing carrier.",Closure / impossibility / exhaustion layer,"closure, exhaustion, impossibility, no-repair, no-generator, no-carrier control","Directly constrains admissibility, standing, reference fixation, confirmation, identity preservation, non-degeneracy, or irreversibility.","Controls AASC interface formation, metric/nonmetric status, admissible interior, quotient/projection, or bookkeeping interpretation.","Provides closure, exhaustion, minimality, uniqueness, rigidity, maximality, forcing, or certificate support.",,kernel-consistent AASC deployment; interface-safe reconstruction; closure-controlled downstream use; gated admissibility evaluation; typed AASC construction under fixed scope,"ungated scope transport or modality laundering; unlicensed numerical fit, parameter import, or empirical value laundering",Preferred hardened version
ERK20260527-New_erk_files_May_1C2C26-THM-012,Concrete-Domain Closure under AASC A Non-Dischargeability Theorem for Bounded Realized Persistence,Theorem,AMetric non-selection of concrete closure,AMetricClosureD → ¬ Default([CD ]≡Conc ),AMetric / interface / interior layer,"AMetric Boundary, bivalence, admissible interior, regime-invariant interface control",,"Controls AASC interface formation, metric/nonmetric status, admissible interior, quotient/projection, or bookkeeping interpretation.","Provides closure, exhaustion, minimality, uniqueness, rigidity, maximality, forcing, or certificate support.",,interface-safe reconstruction; closure-controlled downstream use; typed AASC construction under fixed scope,"unlicensed numerical fit, parameter import, or empirical value laundering",Preferred hardened version
ERK20260527-New_erk_files_May_D2FE05-CST-001,"Constraint Architectures for Coherent Evaluability Quotient Interfaces, Kernel Instantiation, and Structural Persistence",Constraint,rchitectures for Coherent Evaluability,"Constraint Architectures for Coherent Evaluability Quotient Interfaces, Kernel Instantiation, and Structural Persistence",AMetric / interface / interior layer,"AMetric Boundary, bivalence, admissible interior, regime-invariant interface control",,"Controls AASC interface formation, metric/nonmetric status, admissible interior, quotient/projection, or bookkeeping interpretation.",,,interface-safe reconstruction,"Do not use outside fixed scope, as a free generator, or as an unlicensed cross-arc transport.",Preferred hardened version
ERK20260527-New_erk_files_May_B2C14B-BND-001,Constraint-Bundle Forcing under Fixed-Domain Evaluability A Governance Non-Vacuity Theorem under AASC,Boundary,"trace fixation A positive boundary trace is admissible only when declared, stable,","Boundary-trace fixation A positive boundary trace is admissible only when declared, stable, bivalent, outcome-independent, and fail-closed; hidden tie-breakers or post-hoc selectors change the domain. Closure by exhaustion Same-scope operators cannot totalize, add hidden auxiliary data, or import family-specific selectors without either changing domain,...",Closure / impossibility / exhaustion layer,"closure, exhaustion, impossibility, no-repair, no-generator, no-carrier control","Directly constrains admissibility, standing, reference fixation, confirmation, identity preservation, non-degeneracy, or irreversibility.","Controls AASC interface formation, metric/nonmetric status, admissible interior, quotient/projection, or bookkeeping interpretation.","Provides closure, exhaustion, minimality, uniqueness, rigidity, maximality, forcing, or certificate support.","Blocks illicit primitive, repair, surrogate, overreach, compatibility, or standing-laundering moves.",kernel-consistent AASC deployment; interface-safe reconstruction; closure-controlled downstream use; gated admissibility evaluation; typed AASC construction under fixed scope,"ungated scope transport or modality laundering; primitive reification, compatibility-only promotion, or post-hoc repair; unlicensed numerical fit, parameter import, or empirical value laundering",Preferred hardened version
ERK20260527-New_erk_files_May_879CB5-BND-001,Continuation-Locus Induction under Admissibility-Bearing Governance A Fixed-Domain Persistence Theorem under AASC,Boundary,trace fixation Clarifies when a unique role occupant can be fixed by a declared,"Boundary-trace fixation Clarifies when a unique role occupant can be fixed by a declared stable trace, and when no same-domain selector exists. Fixed-domain exhaus- Provides the route-exhaustion template for locus-empty and occupant tion empty continuation attempts. Standing localization Supplies a parallel minimal-persistence pattern: once standing...",Kernel / admissibility-standing-reference-irreversibility,"kernel primitives, standing, reference, admissibility, irreversibility","Directly constrains admissibility, standing, reference fixation, confirmation, identity preservation, non-degeneracy, or irreversibility.","Controls AASC interface formation, metric/nonmetric status, admissible interior, quotient/projection, or bookkeeping interpretation.","Provides closure, exhaustion, minimality, uniqueness, rigidity, maximality, forcing, or certificate support.",,kernel-consistent AASC deployment; interface-safe reconstruction; closure-controlled downstream use; gated admissibility evaluation; typed AASC construction under fixed scope,"ungated scope transport or modality laundering; unlicensed numerical fit, parameter import, or empirical value laundering",Preferred hardened version
ERK20260527-New_erk_files_May_3D011A-REM-004,"Forty-Two Exhaustion, Closure, and Downstream Consequence",Remark,Boundary of this section,"The present section does not yet prove the AMetric boundary, no deeper invariant, gate uniqueness, standing emergence, quotient closure, or the unique admissible interior. Those are later burdens. What is fixed here is the modeling architecture that later sections may treat as forced rather than rhetorical: state-transition form, identity persistence,...",AMetric / interface / interior layer,"AMetric Boundary, bivalence, admissible interior, regime-invariant interface control","Directly constrains admissibility, standing, reference fixation, confirmation, identity preservation, non-degeneracy, or irreversibility.","Controls AASC interface formation, metric/nonmetric status, admissible interior, quotient/projection, or bookkeeping interpretation.","Provides closure, exhaustion, minimality, uniqueness, rigidity, maximality, forcing, or certificate support.",,kernel-consistent AASC deployment; interface-safe reconstruction; closure-controlled downstream use; gated admissibility evaluation,"ungated scope transport or modality laundering; unlicensed numerical fit, parameter import, or empirical value laundering",Preferred hardened version
ERK20260527-New_erk_files_May_549C5D-DEF-007,Generation Count and Residual Parameters in the Standard Model Representation Regime A Residual-Exhaustion Theorem for Fixed-Boundary Data,Definition,AMetric Boundary Test,"The AMetric Boundary Test ABT rejects any same-scope boundary-authority attempt using a selector, order, rank, metric, probability, typicality, threshold, proximity relation, canonical representative, gate chooser, or privileged presentation to bind a residual that is not already bound by the declared witness package.",Physics structural-recovery layer,"Standard Model, gauge, charge, chiral, Yukawa, mass, mixing, phase, holonomy recovery",,"Controls AASC interface formation, metric/nonmetric status, admissible interior, quotient/projection, or bookkeeping interpretation.","Provides closure, exhaustion, minimality, uniqueness, rigidity, maximality, forcing, or certificate support.",,interface-safe reconstruction; closure-controlled downstream use; gated admissibility evaluation; typed AASC construction under fixed scope,"ungated scope transport or modality laundering; unlicensed numerical fit, parameter import, or empirical value laundering",Preferred hardened version
ERK20260527-New_erk_files_May_3ED34B-REM-001,Gravity as Structural Necessity An AASC Account of the GR-Type Physical Interior,Remark,Role-theoretic use of the word “gravity”,"Definition 2.1 does not identify gravity with curvature, force, or a particular field content. It identifies gravity with the admissibility-forced constraint role realized canonically by general relativity. Curvature, metric variables, connection variables, ADM data, and lapse/shift functions are therefore not denied; they are typed as faithful...",AMetric / interface / interior layer,"AMetric Boundary, bivalence, admissible interior, regime-invariant interface control","Directly constrains admissibility, standing, reference fixation, confirmation, identity preservation, non-degeneracy, or irreversibility.","Controls AASC interface formation, metric/nonmetric status, admissible interior, quotient/projection, or bookkeeping interpretation.","Provides closure, exhaustion, minimality, uniqueness, rigidity, maximality, forcing, or certificate support.","Blocks illicit primitive, repair, surrogate, overreach, compatibility, or standing-laundering moves.",kernel-consistent AASC deployment; interface-safe reconstruction; closure-controlled downstream use; typed AASC construction under fixed scope,"primitive reification, compatibility-only promotion, or post-hoc repair; unlicensed numerical fit, parameter import, or empirical value laundering",Preferred hardened version
ERK20260527-New_erk_files_May_5FA717-THM-003,Horizon Instability as an Admissible Reconstruction Obstruction No Uncertified Permanent Horizons under Standing-Conserving Exterior Reconstruction,Theorem,Reconstruction-dependence theorem,"The main horizon theorem is a theorem about same-scope exterior reconstruction, not an ontological theorem about the nonexistence of inaccessible interiors. If ExhShor (H ∂ ) holds, then the admissible classification is exterior-reconstruction exhaustion. It is not licensed to redescribe that exhaustion as a continuing same-scope standing-preserving...",AMetric / interface / interior layer,"AMetric Boundary, bivalence, admissible interior, regime-invariant interface control","Directly constrains admissibility, standing, reference fixation, confirmation, identity preservation, non-degeneracy, or irreversibility.","Controls AASC interface formation, metric/nonmetric status, admissible interior, quotient/projection, or bookkeeping interpretation.","Provides closure, exhaustion, minimality, uniqueness, rigidity, maximality, forcing, or certificate support.",,kernel-consistent AASC deployment; interface-safe reconstruction; closure-controlled downstream use; gated admissibility evaluation; typed AASC construction under fixed scope,ungated scope transport or modality laundering,Preferred hardened version
ERK20260527-New_erk_files_May_B9A0FF-DEF-001,Metricity as Licensed Description: The L-metric Boundary and the Realized Physical Interior,Definition,Background evaluation package,"A background evaluation package is a tuple place Dbg = (ActD , EvalD , RedD , ≡D , ContD , BD ), where: (i) ActD is the class of acts, states, reports, or constructions considered under the same domain typing; (ii) EvalD ⊆ ActD is the evaluated fragment; (iii) RedD ⊆ ActD × ActD is admissible redescription; (iv) ≡D is identity under admissible redescription...",AMetric / interface / interior layer,"AMetric Boundary, bivalence, admissible interior, regime-invariant interface control","Directly constrains admissibility, standing, reference fixation, confirmation, identity preservation, non-degeneracy, or irreversibility.","Controls AASC interface formation, metric/nonmetric status, admissible interior, quotient/projection, or bookkeeping interpretation.",,,kernel-consistent AASC deployment; interface-safe reconstruction; gated admissibility evaluation; typed AASC construction under fixed scope,"ungated scope transport or modality laundering; unlicensed numerical fit, parameter import, or empirical value laundering",Preferred hardened version
ERK20260527-New_erk_files_May_9F4E91-BND-001,Neutrino Oscillation as the Unique Admissible Reconstruction of Flavor Under Noncommuting Propagation Identity Non-Conservation Under Admissible Propagation,Boundary,Trace Fixation When internal selectors are Weak-interaction production,"Boundary-Trace Fixation When internal selectors are Weak-interaction production under Admissibility exhausted, a declared and detection fix flavor only at boundary trace is the endpoints. They do not select admissible anchor; absence, an interior flavor representative. multiplicity, instability, and post-selection fail closed [11]. AMetric Boundary No...",Physics structural-recovery layer,"Standard Model, gauge, charge, chiral, Yukawa, mass, mixing, phase, holonomy recovery","Directly constrains admissibility, standing, reference fixation, confirmation, identity preservation, non-degeneracy, or irreversibility.","Controls AASC interface formation, metric/nonmetric status, admissible interior, quotient/projection, or bookkeeping interpretation.","Provides closure, exhaustion, minimality, uniqueness, rigidity, maximality, forcing, or certificate support.",,kernel-consistent AASC deployment; interface-safe reconstruction; closure-controlled downstream use; gated admissibility evaluation; typed AASC construction under fixed scope,"ungated scope transport or modality laundering; unlicensed numerical fit, parameter import, or empirical value laundering",Preferred hardened version
ERK20260527-New_erk_files_May_3A01F1-DEF-003,On the Non-Quantizability of Gravity and Constraint-Induced Rigidity of Physical Structure A Closure Theorem via Admissibility and Divergence Exhaustion,Definition,GR and QM projections,"A GR-type projection ΠGR : A → G has as image a constrained Hamiltonian theorem object: standing surface, quotient of physical observables, characteristic redescription, first-class constraint span, and multiplier-type presentation. A QM-type projection ΠQM : A → Q has as image a quantum theorem object with a Hilbert/Schroedinger interior and...",AMetric / interface / interior layer,"AMetric Boundary, bivalence, admissible interior, regime-invariant interface control","Directly constrains admissibility, standing, reference fixation, confirmation, identity preservation, non-degeneracy, or irreversibility.","Controls AASC interface formation, metric/nonmetric status, admissible interior, quotient/projection, or bookkeeping interpretation.","Provides closure, exhaustion, minimality, uniqueness, rigidity, maximality, forcing, or certificate support.",,kernel-consistent AASC deployment; interface-safe reconstruction; closure-controlled downstream use; gated admissibility evaluation; typed AASC construction under fixed scope,"ungated scope transport or modality laundering; unlicensed numerical fit, parameter import, or empirical value laundering",Preferred hardened version
ERK20260527-New_erk_files_May_E69053-DEF-002,On the Structural Origin of Cosmological Parameter Tensions and Transport-Induced Divergence An AASC Closure Theorem for Cosmological Inference,Definition,AASC interface,The AASC interface is the fixed-domain consequence package consisting of: 1. AMetric pre-admissible boundary;,AMetric / interface / interior layer,"AMetric Boundary, bivalence, admissible interior, regime-invariant interface control",,"Controls AASC interface formation, metric/nonmetric status, admissible interior, quotient/projection, or bookkeeping interpretation.","Provides closure, exhaustion, minimality, uniqueness, rigidity, maximality, forcing, or certificate support.",,interface-safe reconstruction; closure-controlled downstream use; gated admissibility evaluation; typed AASC construction under fixed scope,"ungated scope transport or modality laundering; unlicensed numerical fit, parameter import, or empirical value laundering",Preferred hardened version
